volume,close_lag1,close_lag2,close_lag3,close_lag4,close_lag5,close_lag6,ma_3,rsi_3,ma_6,rsi_6,ma_9,rsi_9,ma_12,rsi_12,event,close
-0.4720111385319491,-0.9636315266402716,-0.9404203727038135,-0.9364952785320307,-0.8079197382521816,-0.8562898377880851,-0.8301885083140083,1.8358733167472916,-1.864310376057106,6.1236018609098615,-1.8889794276526974,8.547622915385602,-1.9382342953951404,8.754224680976975,-1.9687459944932613,-0.4569526720788821,2.3385714285714285
-0.19782161451267813,-0.9656674666826408,-0.9558990864823362,-0.9363134867885572,-0.9350174257172386,-0.8058857816837761,-0.8526588665962069,-1.2961595870827156,-1.248793242957027,2.197775627975932,-1.6576592276702613,3.9251189341815538,-1.7904309808486571,5.429749340791151,-1.858903483607993,-0.4569526720788821,2.9457142857142857
-0.7322642296282745,-0.9531272562767443,-0.957956950163874,-0.9520384725990179,-0.934832556353653,-0.9353482545544327,-0.8015435756596473,-0.09041724989650535,-1.3498036866095662,0.3418026425833888,-1.6908635089720623,2.7492783004784402,-1.8111976724779526,4.712446281992966,-1.8736799939524031,-0.4569526720788821,2.75
-0.5785787553063124,-0.9571696299840569,-0.9452817028500548,-0.9541290776489636,-0.9508237563038021,-0.9351599455029845,-0.9328328503254684,-0.030922698322046412,-1.0523476524022597,-0.16663551926492395,-1.596499702743196,1.5632969726823953,-1.755597327611747,2.995961245023025,-1.8340919727101266,-0.4569526720788821,2.9414285714285713
-0.7015599760466495,-0.9532157754090212,-0.9493676061018036,-0.9412521624862549,-0.9529497539850358,-0.9514486784532562,-0.9326418841077726,-1.593491200993098,-0.12366030280352178,-1.2293218381194544,-1.2195869966527395,0.0745043070287899,-1.5318032935228618,1.0841332528632879,-1.6755362815096089,-0.4569526720788821,3.6785714285714284
-0.5679804041960839,-0.9379904846573918,-0.9453711751840347,-0.9454030739622339,-0.9398548407310602,-0.953614232544911,-0.949160461938454,1.1009151761378915,-0.945287388194825,0.1217820077415964,-1.4248598444728746,0.08305348069716649,-1.638528912935757,1.1713675678889943,-1.7448300724961032,-0.4569526720788821,2.9842857142857144
-1.1520157020963953,-0.9523305840862523,-0.9299819337394918,-0.9413430583579916,-0.9440760245329299,-0.9402756747339946,-0.9513565734419551,0.6947147935578619,-0.6931207625943435,0.06949021554916796,-1.3268607553185339,-0.12920252348486388,-1.5821829481820737,0.6358452462762234,-1.705914106718904,-0.4569526720788821,3.1471428571428572
-0.9748815518784959,-0.9489668570597293,-0.9444764518442358,-0.9257089684192678,-0.939947275412853,-0.9445753980753959,-0.9378297996885068,1.0316155172055872,-1.1629536519211094,0.820841702581266,-1.456752963980939,0.30282164673781964,-1.6471436942989754,0.7370598499682737,-1.7468106623024315,-0.4569526720788821,2.7857142857142856
-0.9699365930160874,-0.9564319705484159,-0.9410765031529994,-0.9404340996406241,-0.9240485101444967,-0.9403698292597188,-0.9421901949925596,1.8439535419167976,-1.4956398976263598,1.6003029111537888,-1.5739568844256757,0.8556004933284759,-1.7068424235282458,0.5627892674927151,-1.7842833173601556,-0.4569526720788821,2.468571428571429
-0.7024842235759612,-0.9629823863369076,-0.9486220033186378,-0.9369800565146268,-0.9390229285949253,-0.9241752508351713,-0.9379252827973547,1.3439135562150466,-1.652829851474471,1.8562266126130593,-1.6379848469535059,1.1888630991501492,-1.7395005307353149,0.7051233696485765,-1.8045978800912184,-0.4569526720788821,2.3057142857142856
-0.9416930898361068,-0.9663461133634305,-0.9552429560331503,-0.9446456083644276,-0.9355104106868,-0.9394282840024778,-0.9215021880755211,-0.5797594180941626,-0.6135630567868045,0.3895180055070497,-1.2970038311433338,0.4654553687275726,-1.5672005663964639,0.21841116850833764,-1.6947914404633166,-0.4569526720788821,2.652857142857143
-0.785563285753884,-0.9591760636490003,-0.9586429047243865,-0.9513719028729483,-0.9433057355179902,-0.9358504120249613,-0.9369704517088762,-1.622621108563036,0.2782266824096441,-0.6919294944806962,-0.7934731062580862,-0.24651141002873767,-1.2875034429520587,-0.23422768663875315,-1.5127360483530112,-0.4569526720788821,3.2199999999999998
-0.7785892047776313,-0.9474620318110218,-0.9513956456720146,-0.9548259459989453,-0.9501459019706551,-0.9437907770276951,-0.933342093572657,-0.8381002844848197,0.45202992088593985,-0.8841674269838283,-0.6549150762611041,-0.3668481192476993,-1.2052759726166467,-0.2815980501821583,-1.458540744313256,-0.4569526720788821,3.3842857142857143
-0.746822301117889,-0.9440687984070733,-0.9395554734753412,-0.9474633803882673,-0.9536584198787803,-0.9507582119312794,-0.9413945024188274,-0.2014794010888561,0.5695535022704971,-0.8258435737685954,-0.5602346342358154,-0.4977088097637677,-1.149694146515887,-0.31642231890609784,-1.4223842344173443,-0.4569526720788821,3.487142857142857
-0.42931277932248024,-0.9419443392324274,-0.9361257006727782,-0.9354348266951018,-0.946171210653566,-0.9543360839087958,-0.9484602524735697,0.42997102530784526,-0.07039324082490209,-0.32486999506769226,-0.706050247341997,-0.30640378868360646,-1.204260597547623,-0.1791602710894675,-1.450967816137974,-0.4569526720788821,3.35
-0.9692047015715562,-0.9447769514652886,-0.9339783646572607,-0.9319504849451924,-0.933939021096323,-0.9467095673251426,-0.9520886106097888,-0.03838191781490036,0.34732490252982035,-0.25944331327944675,-0.4914691722191474,-0.44668295746067227,-1.0857046801135357,-0.2705009224055205,-1.3765402530542685,-0.4569526720788821,3.5342857142857143
-0.9675860954923049,-0.9409706287773812,-0.9368414793446175,-0.92976898402351,-0.9303956916276002,-0.9342497850876514,-0.9443544787931113,0.42432346310440017,-0.487954200090168,0.2756311547781266,-0.7214269284835132,-0.18536989377127183,-1.170259031156377,-0.1669082538367467,-1.4193391450927983,-0.4569526720788821,3.358571428571429
-0.7605241534496388,-0.9445999132007348,-0.9329941689834818,-0.9326776519190865,-0.9281772592645737,-0.9306405282682271,-0.9317188807222432,1.247003868337015,-1.3352271611363076,0.8566591039471398,-1.0851339484579778,0.27407198192362314,-1.3170400569713407,0.08510767982460869,-1.4950404681905847,-0.4569526720788821,3.057142857142857
-1.1139995714871955,-0.9508257588375446,-0.9366625346766576,-0.9287691294344056,-0.9311351690819423,-0.9283808196508484,-0.9280586948830748,1.8163376173544576,-1.8301582470442808,1.575255981427292,-1.4609132307835242,0.9375812334294588,-1.4947487151762093,0.4356274714533026,-1.5907257557674277,-0.4569526720788821,2.677142857142857
-0.921326802908483,-0.9586744552327645,-0.9429554221665774,-0.932495860175613,-0.9271604777648532,-0.93139376447402,-0.925767100270726,3.3475262008040443,-2.1435393359325654,3.1454165667630662,-1.8906321841999192,2.2600109970795983,-1.7497934868590441,1.276894404468363,-1.7389673052428822,-0.4569526720788821,2.064285714285714
-1.0231793497998098,-0.9713326911483633,-0.9508886357794619,-0.938888869821099,-0.9309502997183567,-0.927345119867883,-0.9288225597538577,1.4613748680662302,-2.1471567729942818,2.516824718480228,-1.8967443101789265,2.0314968797759323,-1.7538344615624168,1.2499176540222814,-1.7414018117398427,-0.4569526720788821,2.0542857142857143
-0.9759183980915815,-0.9715392357903428,-0.9636831795385876,-0.946948303781759,-0.9374515390044482,-0.9312054554225717,-0.9247167860733994,0.44486504633815244,-2.1716282390209,1.9183515135438383,-1.932109533807554,1.8668558929682275,-1.7761984990005728,1.3132085169169379,-1.7545657602626359,-0.4569526720788821,2.004285714285714
-0.9144958160928598,-0.9725719590002402,-0.9638919483178742,-0.9599464134401166,-0.9456474141234071,-0.9378276570651678,-0.9286315935361621,-0.833197273779803,-0.5541483646430435,0.29583430515294723,-1.2028334359803696,0.8133642012709196,-1.4129212798141229,0.7153345458967554,-1.5455890272213388,-0.4569526720788821,2.337142857142857
-0.8825318647365131,-0.9656969730600664,-0.9649357922143063,-0.9601585038075025,-0.958865573619773,-0.9461760250127059,-0.9353472388584623,0.35610976659630683,-1.1096157378305327,0.4469098494803039,-1.4337146974927035,1.0037897561908038,-1.5304838985999893,0.9181390478958703,-1.6098992487286663,-0.4569526720788821,2.1357142857142857
-1.199415056353429,-0.9698573722770815,-0.9579867742752006,-0.9612189556444314,-0.9590812545439562,-0.9596401221912542,-0.9438134078429734,0.6313968313978957,-1.130090847361953,0.19377797305389166,-1.4422686451805713,0.7192770439631665,-1.5348842391529545,0.7950897501003171,-1.6123037411517933,-0.4569526720788821,2.1285714285714286
-0.961477616897565,-0.9700049041642097,-0.962191973972256,-0.9541593762728757,-0.9601596591648718,-0.9598598160846106,-0.9574674924082187,0.6643124008277427,-1.4663308841511216,0.5097297278935217,-1.5821353661040625,0.6653692122689272,-1.6061160211306462,0.8125926036995933,-1.6508147476997692,-0.4569526720788821,2.0214285714285714
-1.1688140182319302,-0.9722178824711325,-0.9623410945288892,-0.9584314822445038,-0.9529805655456334,-0.9609582855513918,-0.9576902863288639,0.22175455785513837,-1.008809100159208,0.3454239824908568,-1.4134098037767846,0.32893202274629685,-1.525981555714104,0.5810067826051584,-1.60672929859269,-0.4569526720788821,2.0757142857142856
-1.1200540965459604,-0.9710966401289582,-0.9645779028783866,-0.9585829753640651,-0.9573249955898935,-0.953645617386819,-0.958804255932089,0.1855110784162452,-1.1114230255468958,0.42806858022452976,-1.4439873441288194,0.22757888032494145,-1.540057265163595,0.4439132031789373,-1.6139758063362155,-0.4569526720788821,2.0585714285714287
-0.55745946468095,-0.9714507166580659,-0.9634445866479746,-0.9608553721574843,-0.9574790533928815,-0.9580708800958523,-0.9513884011449044,0.23563164637977976,-1.0267540689794779,0.2684773346482592,-1.4200968550324657,0.21600164068690583,-1.529678890379633,0.2917331342442414,-1.6085315813991798,-0.4569526720788821,2.064285714285714
-0.858902561785355,-0.9713326911483633,-0.9638024759838942,-0.9597040244488186,-0.9597899204377006,-0.9582278043053926,-0.9558761072607543,-1.0490131203763482,0.8006966032711663,-0.6119509811292914,-0.2191567745182577,-0.36695676756428375,-0.8827006563193316,-0.23090432318007473,-1.2447022222592108,-0.4569526720788821,2.4499999999999997
-1.12335933707591,-0.9633659692434409,-0.9636831795385876,-0.9600676079357657,-0.9586190811349923,-0.9605816674484954,-0.9560352457755008,-1.1732466018241097,1.0397763133439344,-0.9534678649416441,0.27772661603016735,-0.6167249489709355,-0.49920326134005855,-0.4784351325483605,-0.9981769611548643,-0.4569526720788821,2.7328571428571427
-1.070609199533699,-0.9575237065131645,-0.9556306694803965,-0.9599464134401166,-0.9589888198621634,-0.95938904345599,-0.9584223234966974,-0.7787229908684233,1.1398468096910823,-1.018781876328142,0.5698119530752418,-0.7782292124913192,-0.22648686998594353,-0.5780302199495905,-0.8070902704871429,-0.4569526720788821,2.9614285714285713
-1.0878954432989212,-0.9528026861250624,-0.9497254954377232,-0.9517657849838075,-0.958865573619773,-0.9597656615588864,-0.9572128707846245,-0.6926637875080551,1.2065977179885163,-1.0473990062642513,0.8184058081355363,-0.8750939409770327,0.04295187732405565,-0.6597703519935723,-0.6034286060596206,-0.4569526720788821,3.2142857142857144
-0.9035713979608689,-0.9475800573207244,-0.9449536376254618,-0.945766657449181,-0.9505464522584237,-0.9596401221912542,-0.957594803220016,0.19675217936843345,0.4650291789403819,-0.4964867184575766,0.4271241302620909,-0.6173343509466857,-0.1477051969489039,-0.5039253412528547,-0.6941263075094806,-0.4569526720788821,3.0985714285714288
-0.8655083512334302,-0.9499700738922011,-0.9396747699206477,-0.9409188776232201,-0.9444457632601011,-0.9511662148760839,-0.9574674924082187,0.07998134911295345,0.6649889145722667,-0.3192695994785053,0.5738951280346073,-0.5682481386157897,-0.0136312843631082,-0.5193303334813267,-0.5938300659427107,-0.4569526720788821,3.2142857142857144
-1.0161090907811667,-0.9475800573207244,-0.942090522938105,-0.9355560211907508,-0.9395159135644867,-0.9449520161782924,-0.9488740126119104,0.7039949641130461,-0.6261128762428653,0.33533509465086536,-0.18460411372883484,-0.16203023144701403,-0.4145522105376273,-0.28453222329021716,-0.7928012988895177,-0.4569526720788821,2.9785714285714286
-1.168938345945264,-0.9524486095959547,-0.9396747699206477,-0.9380102097276435,-0.9340622673387133,-0.9399304414730064,-0.942572127427951,0.37356711412827187,-0.353439201820727,0.31135832326327345,-0.06376744527053792,-0.09144945503243909,-0.3288640588260234,-0.26403493808254336,-0.7329735696790642,-0.4569526720788821,3.04
-0.9332786840299117,-0.9511798353666523,-0.9445957482895422,-0.9355560211907508,-0.9365580037471181,-0.9343753244552836,-0.9374796949560648,-0.35712118464905035,0.3347469267003408,-0.0051366935529872735,0.2998143027475689,-0.16885072324025224,-0.05372611429309221,-0.32907138752837084,-0.5336512040207486,-0.4569526720788821,3.244285714285714
-0.2277189108605894,-0.9469604233947859,-0.943313311502497,-0.940555294136273,-0.9340622673387133,-0.9369174966498348,-0.9318461915340404,-1.2003662520698652,0.9595805852165606,-0.7685072699024612,0.8929003124009304,-0.5758741940234526,0.5181842409807976,-0.5769494388402064,-0.05442261530897708,-0.4569526720788821,3.82
-0.7766093445879383,-0.9350693532922536,-0.9390484635827884,-0.9392524533080461,-0.9391461748373157,-0.9343753244552836,-0.9344242354729327,-0.5857620144588757,1.014270744575812,-0.6926825811474342,0.9668135358362345,-0.5304589744124202,0.6030411793454303,-0.5257324739826748,0.025258127306713368,-0.4569526720788821,3.9285714285714284
-0.8585741489576808,-0.9328268686079051,-0.9270293467181551,-0.9349197500885934,-0.9378212777316193,-0.93955382337011,-0.9318461915340404,0.36000366540070944,0.3266054337296603,-0.35436076550767154,0.5727325286888536,-0.32232871825177006,0.36070609654051283,-0.3541604305857303,-0.1084405730634184,-0.4569526720788821,3.81
-1.004110293541499,-0.935275897934233,-0.9247627142573309,-0.9227094046519545,-0.9334152245661639,-0.9382042751680643,-0.9370977625206732,-0.2483978250624484,0.7554438386542102,-0.4880771321214621,0.8516125311083911,-0.4891300429588419,0.6226293250289286,-0.4312362622061048,0.12615437881119201,-0.4569526720788821,4.111428571428571
-0.3395645909368594,-0.9290500522974234,-0.9272381154974415,-0.920406709234623,-0.9209981656453353,-0.9337162427752148,-0.9357291712938538,-0.642276882760913,0.988696049856989,-0.5734061958823804,1.0674531826151572,-0.6078189193258281,0.8542666914946878,-0.508689277129305,0.35335606644232537,-0.4569526720788821,4.4399999999999995
-0.820168614567096,-0.9222635854895266,-0.9209452280075219,-0.9229214950193402,-0.9186564870399185,-0.9210681514862755,-0.9311778097721052,0.2649633350136894,0.10032329228212374,-0.07430584164312676,0.508334555968171,-0.3502394817143467,0.4768499674371844,-0.34486196407856096,0.12569376152015416,-0.4569526720788821,4.2542857142857144
-0.7279197970793274,-0.9260994145548594,-0.9140856824023962,-0.9165284853738543,-0.9212138465695184,-0.9186829035012646,-0.9183512454835414,-0.8695224795574963,0.856172057772389,-0.763569695327349,1.0259350780386456,-0.7217082030891362,0.9657410019623525,-0.6214380847218881,0.601657297394919,-0.4569526720788821,5.032857142857142
-0.6841845916567728,-0.9100184388578866,-0.9179628168748585,-0.9095598018740355,-0.9147126072834272,-0.9212878453796317,-0.9159323400593953,-1.055640342372856,1.0273280751930856,-0.9380132451119099,1.204185323932564,-0.8042380520535433,1.1678592077918677,-0.7029117489621609,0.8273892593619503,-0.4569526720788821,5.524285714285715
0.46997537508593595,-0.8998682450234667,-0.9017086762018433,-0.9134986229826287,-0.9076259483459815,-0.9146656437370358,-0.9185740394041864,-2.3831126409481826,1.2375527253796441,-1.9320279885300111,1.5338328223282027,-1.461546793902535,1.626802719168427,-1.1443376261075804,1.4368205646835592,-0.4569526720788821,7.817142857142857
0.9300864382693029,-0.852510509255317,-0.8914491819054812,-0.8969858729504495,-0.9116314512236681,-0.907447130098187,-0.9118583940818863,-1.8232860673237339,1.265904806295567,-1.8953676225541045,1.5971380297169846,-1.5166903601259212,1.7326736812486268,-1.1849668322177715,1.6020545337608147,-0.4569526720788821,8.954285714285714
0.7767551806400466,-0.8290234328245089,-0.8435814832262345,-0.8865631463246334,-0.8948391506979818,-0.911527159546232,-0.9045380224035496,-0.998794653371299,1.2818519845605185,-1.7142075235328027,1.6346139955581518,-1.4730685679836604,1.7976552821519616,-1.1670102632550223,1.7080576997767056,-0.4569526720788821,9.892857142857142
0.4720185720352518,-0.8096377428558642,-0.8198414906102343,-0.8379338549454632,-0.8842399738524109,-0.8944224207063514,-0.9086756237869572,-1.086792086685114,1.2965282133328513,-1.5941906240265784,1.6734856789307146,-1.473178393476672,1.8680733973618924,-1.1865138250400664,1.8278703983140874,-0.4569526720788821,11.262857142857143
1.379380990392629,-0.7813411269046768,-0.8002470494686359,-0.8138161503113077,-0.8347874190932797,-0.883626035089986,-0.8913295256795943,6.083213892976189,-1.2808173738603512,2.4668986162189657,-0.8758740122235598,0.7647810046722472,-0.6118310915415128,0.14592136703869601,-0.43709039216518814,-0.4569526720788821,6.115714285714286
0.5321415775587486,-0.8876526047692526,-0.7716457267063944,-0.7939099544009559,-0.8102614168575982,-0.8332533638275852,-0.8803807958650384,4.139265838732792,-1.3410241038124373,2.9316247852651607,-0.9484802375288867,1.09578821819765,-0.6881920683884293,0.3530109144088672,-0.5113524946846608,-0.4569526720788821,5.841428571428572
0.29362706984854264,-0.893317829234975,-0.879101999816255,-0.7648535740691027,-0.790018221544982,-0.8082710296687869,-0.8292973326314281,1.2185396213469846,-1.4825692550111027,3.3244907599115603,-1.0972765895967482,1.682150517219123,-0.8381860736530237,0.7140571457912658,-0.6545589342655568,-0.4569526720788821,5.32
0.3475899890472363,-0.9040876569953331,-0.8848282291909686,-0.8740195160249598,-0.7604699349318934,-0.7876511885352059,-0.8039624810837932,0.3977547784857789,-1.3405345677647285,2.392541047721431,-1.0318444612163027,1.570637662301276,-0.7881957784850735,0.6822716779956113,-0.6122319928327505,2.1772450846111444,5.4628571428571435
0.24568114281402256,-0.9011370192527692,-0.8957140298251899,-0.8798368518161127,-0.8714839877650089,-0.7575531251453975,-0.7830516802461098,0.49731092035945323,-1.4678720290254192,1.843016237738402,-1.12337659144684,1.8069263848859758,-0.8711394573335935,0.8759636951896507,-0.6876756709409638,-0.4569526720788821,5.214285714285714
-0.3294917003509095,-0.9062711289248304,-0.8927316186925265,-0.8908958495440861,-0.877399807399746,-0.8706327105400585,-0.7525289131177406,-0.8252024836842404,-0.3661738112628214,-0.2615837489225392,-0.6335135212560238,0.812695726916784,-0.5166725487907917,0.4113759965694376,-0.3962933133298509,-0.4569526720788821,6.1414285714285715
-0.014419470898025576,-0.887121489975591,-0.8979210140633607,-0.8878659871528605,-0.8886460270178662,-0.8766586001864017,-0.8672041268440325,-0.900383836414546,0.017792984904305992,-0.5973604727431273,-0.4124808582622247,0.31713856686958247,-0.35249537741387316,0.25065614051223933,-0.26013880883304613,-0.4569526720788821,6.602857142857142
1.1052360366856855,-0.8775909300671099,-0.8785651658123756,-0.893137947713593,-0.8855648709581072,-0.8881140674828356,-0.8733150458102961,-0.8234258609923496,0.47265573818826895,-0.9347727252407334,-0.0892304652337265,-0.2654415588493055,-0.1069626911617785,0.018053595478059487,-0.05522973644035493,-0.4569526720788821,7.328571428571428
2.124662295069145,-0.8626016903348853,-0.868931977853873,-0.8734741407945391,-0.8909260825020878,-0.8849755832920317,-0.884932157386787,-1.4024522355811009,0.8992434564261556,-1.3641692160636032,0.38862388708243517,-0.9916238620588707,0.2900477030534943,-0.3904648378547132,0.28819135735236046,-0.4569526720788821,8.735714285714286
2.0444638825511072,-0.8335379085706314,-0.8537813292999431,-0.8636876852708806,-0.8709293796742523,-0.8904365457840304,-0.8817493870918579,-1.5891798834848294,1.0957718020677938,-1.6216651230825316,0.7555879818148252,-1.2727447014592987,0.6374343094071421,-0.7190156710470603,0.6062382757162411,-0.4569526720788821,10.375714285714285
0.6758831806199185,-0.7996645872859983,-0.824404579643209,-0.8482959843234547,-0.8609772456012309,-0.8700677833857138,-0.8872874074050344,-0.7657891015621121,1.1366728949018046,-1.2841719915426082,0.8498441237810074,-1.1901151651376776,0.7323508230825527,-0.7915823537930698,0.6955583390318837,-0.4569526720788821,10.9
2.0597890325739323,-0.788835746770789,-0.7901664998402338,-0.8184518397698828,-0.8453249728176553,-0.8599304794494176,-0.8666312281909453,0.5171119259577427,0.2438935139035861,-0.5505943354823991,0.390361102741279,-0.7991187545593339,0.40343831617591885,-0.6975985332566939,0.43107794327646476,2.1772450846111444,10.263857142857143
2.0199150236824615,-0.8019749366384259,-0.7792210509833594,-0.7836690195186136,-0.8149755856290295,-0.8439869797601341,-0.8563508801383246,0.9778746497660016,-0.4463818926242741,0.1326559749015226,-0.008317879742132198,-0.40829875369936575,0.1121263143470236,-0.4933183425121874,0.1952800551779692,-0.4569526720788821,9.674285714285714
1.5577795299970743,-0.8080443984748797,-0.8048101385016109,-0.7860414017709431,-0.7682960713236813,-0.7770431119702891,-0.8088321196350345,-0.1256480846246417,0.1339057766766286,0.20015817949505918,0.23155978895144633,-0.2195251557656193,0.2836272741014848,-0.4170211017492565,0.33534195640446823,-0.4569526720788821,10.27
1.423153728709775,-0.8018480592154956,-0.7986365474569977,-0.7985456438595309,-0.782016459257788,-0.7655248749900392,-0.7722939166492498,1.4200019726344102,-1.3834143592685628,1.070989377450843,-0.7555171221259457,0.5143649209546943,-0.4463042326229024,0.043336031477664384,-0.25251279748383293,-0.4569526720788821,8.808571428571428
0.31133086706609353,-0.8320330833219239,-0.7923734840784046,-0.7922738287096941,-0.7947323903164131,-0.7795005450916885,-0.7606131496668603,1.873235562303653,-1.751838905586425,1.4888131451565436,-1.1709332455013426,1.053101227194461,-0.8004255944472396,0.42777393574037054,-0.5547445963883535,-0.4569526720788821,7.914285714285714
2.5764621679064432,-0.8505040755903737,-0.8228835499655508,-0.7859111176881204,-0.7883543972727121,-0.7924530693471357,-0.7747860257901792,-0.9241080250383813,-0.15183486645947625,-0.01788254168326436,-0.2580933013491495,0.15500265980929503,-0.16081953747223737,-0.07199600475505617,-0.05172583691297318,2.1772450846111444,9.757142857142856
1.319396387417938,-0.8124408487112998,-0.8415534436560235,-0.8169066099503579,-0.7818839695472183,-0.785956407072172,-0.7879213187973511,-0.542294045411551,-0.1447410744881306,-0.014794075734149224,-0.25340916639803185,0.12185218278818664,-0.1573361774278308,-0.0008273251993425098,-0.04890926531575429,2.1772450846111444,9.768571428571429
1.432032604086538,-0.8122047976918948,-0.8030803400446661,-0.83587354851943,-0.8134041960385525,-0.7793655902714839,-0.7813329842868482,-0.41163451452168537,0.3610943459796621,-0.4372691832232238,0.08749211713630772,-0.21169086126705453,0.09660027071611196,-0.13994750900654726,0.156213723420373,-0.4569526720788821,10.602857142857143
0.6165999736129029,-0.794973073275322,-0.8028417471540531,-0.7967883236726202,-0.8326922329726436,-0.8114722835434068,-0.7746491666674973,-0.4924103173590114,0.6152719279331911,-0.6492116422987289,0.29575612365899756,-0.3687473663630937,0.2594312419978302,-0.2212180365108884,0.2903810213418484,-0.4569526720788821,11.184285714285716
0.9603989422636309,-0.74451716787748,-0.7732860528293592,-0.7788515383165647,-0.7926988273169723,-0.7906327485164695,-0.8271330488308765,0.20138662804314186,0.01891462162469095,-0.34472700012371366,0.17524903865183744,-0.4454126636670658,0.2388764192304274,-0.3417831781093571,0.3032176221726928,2.1772450846111444,12.15
1.547901341301817,-0.7630176665233553,-0.7344252357707558,-0.7665199983842768,-0.7747048759279798,-0.7903816697812053,-0.7860753120262924,0.5499733211796484,-0.030678940008616654,-0.11658760053370845,0.14655671694705827,-0.3637948732309745,0.2179051719121181,-0.29868892360976856,0.2865103439629637,-0.4569526720788821,12.107142857142858
0.12085611862688608,-0.7619554369360323,-0.754019676912354,-0.746038128619592,-0.7220171073061017,-0.7592792914503396,-0.7672333118803125,-0.5896571009005087,0.773457290626468,-0.330891020070024,0.6300089147964074,-0.43683251657845695,0.5887166165514582,-0.4441571571536041,0.5913563933642862,-0.4569526720788821,13.525714285714287
0.7022946093826594,-0.7346030250624654,-0.7520512855647962,-0.7469470873369596,-0.7413359558007904,-0.7183848424441661,-0.7542794367799516,-0.6329447159658914,0.9701604105226728,-0.44871772337757626,0.8390347123929999,-0.5036865191152177,0.7728862360438448,-0.5136678118181085,0.7519076789515927,-0.4569526720788821,14.401428571428571
2.1216948505905178,-0.7165156157005489,-0.7244043343650068,-0.7449473781587508,-0.7422603026187179,-0.738063138320506,-0.7128079398370268,-1.1762888961477778,1.1821834593885692,-1.0579325949942768,1.2020867683729262,-0.8237334693599431,1.150738987976937,-0.7239264763189622,1.1090454137386108,-0.4569526720788821,16.914285714285715
2.2713431929379992,-0.6646138978088507,-0.7061221541217805,-0.7168605537920898,-0.7402267396192771,-0.7390046835777471,-0.7327639095862316,-1.1529297007734962,1.2393896145624523,-1.215945595254637,1.3575276712408593,-0.9524954423589673,1.345100568244142,-0.7950375034136173,1.3111756760600686,-0.4569526720788821,18.900000000000002
1.7996649608027646,-0.6251638711907721,-0.6135484108050233,-0.6028771306341841,-0.638579401207829,-0.688600627473438,-0.7021138316460653,-1.249641435260214,1.2752359053173612,-1.054247808924216,1.5402009720390415,-1.0132258492176252,1.613592943156387,-0.829372782018869,1.6142659808984414,-0.4569526720788821,23.06427142857143
1.96583481418817,-0.5375892380552512,-0.6137867054545231,-0.6042408716964748,-0.5957513319771793,-0.6333946905571991,-0.6826034497381506,-1.538988529380271,1.2969480095531607,-1.2819075508920346,1.6244310611761348,-1.176583465129697,1.7545570373927897,-0.9543181407639556,1.7890784550554863,-0.4569526720788821,26.83857142857143
2.362207984937712,-0.45963309383293993,-0.5252690412781881,-0.6044829577015337,-0.5971381603196769,-0.5897697603050263,-0.6266185202503496,-0.587142893487507,1.3003059408138191,-1.0270228310508682,1.63906868472227,-1.012960572690576,1.7806839859438788,-0.8896548403132915,1.8228520216326718,-0.4569526720788821,27.75714285714286
1.7949100122192245,-0.44066049314825434,-0.44647344091210894,-0.5145569449161981,-0.5973843446888516,-0.5911823920393071,-0.5823780131508365,0.7166523428194219,0.036461671141974517,-0.33461334156109424,0.7202964009611577,-0.5639210492711801,1.0179469806018562,-0.6281275007711935,1.1723208724685792,-0.4569526720788821,25.72142857142857
2.4946099622204745,-0.65325394249998,-0.6078815314118496,-0.45820120145316356,-0.4047196562721237,-0.4153641938220591,-0.4896005773306857,-1.0910516870995615,-0.3847813865754363,0.5861941173430582,-0.3671525082904234,0.2049705385513232,-0.16386171164506574,-0.05306116064653116,0.026345511914777204,-0.4569526720788821,21.868571428571432
2.501553547719872,-0.5622857808967363,-0.6421792594374782,-0.5984838301669071,-0.44862613012368896,-0.3951837404751906,-0.40551146786163206,-1.6959507412217742,0.24340018649747,-0.498808304815785,0.11845626560354533,-0.31179020086894826,0.24294331209188502,-0.35422029518675424,0.38207530674097817,-0.4569526720788821,25.84857142857143
1.7637459806788558,-0.48008101338890746,-0.550231524217467,-0.633327247666001,-0.5912836556905289,-0.43990714019414484,-0.3850462548652386,-0.5813170059500059,0.33517962801126655,-0.6928680950350373,0.19124858298178404,-0.2716925551952167,0.30439508422904765,-0.3298514472541163,0.43614516683788696,2.1772450846111444,26.52
1.1581480348358217,-0.46621301599885734,-0.46714155006146607,-0.5399165901445169,-0.6267169503777569,-0.5852189582283608,-0.43040073156797687,0.8461522148331152,-0.4864913026366077,-0.2533215481282263,-0.28771828827970397,0.0875475917471945,-0.09390031468900292,-0.06567851573013103,0.08321630850418606,-0.4569526720788821,24.302857142857142
1.3388970719640492,-0.5120069137634483,-0.4531242177379483,-0.4555046239249728,-0.531724909055388,-0.6213115264226045,-0.5777629962231894,1.3121747142960172,-1.02834020307776,0.41343341981106524,-0.6560435445812394,0.34400415686540825,-0.40757039211627655,0.19413391439270633,-0.1974497472667358,-0.4569526720788821,22.38
1.0655801877440267,-0.5517224977783578,-0.4994112385168835,-0.4412642706862127,-0.4458839012305035,-0.5245520588201232,-0.6143648546148729,0.38543455512211605,-0.7969681039088092,0.5212789041924034,-0.5581620404510573,0.15240355545498682,-0.3383898915806322,0.1718598013846414,-0.14167638440067254,-0.4569526720788821,22.882857142857144
1.0331494210112002,-0.7366094587274088,-0.7137869507327254,-0.7096191826770608,-0.5098487010310995,-0.5133162854170458,-0.4620056405966218,0.6996694999337154,-2.01376237528857,2.012127804047544,-1.7864955815279502,2.2440572724148824,-1.4992526802618502,1.477218225539591,-1.2304016684687735,-0.4569526720788821,12.964285714285714
1.3643068416023838,-0.7461990313907414,-0.7264323739352179,-0.7060742436793268,-0.7043004599624877,-0.5022688210654163,-0.5048457287663661,-0.3669270698234331,-1.0348414427231873,0.6636959260689477,-1.3910776128338513,1.315054209274173,-1.2430685885931647,1.0262481483336725,-1.0356099722030792,-0.4569526720788821,14.245714285714286
1.8270053287066412,-0.7197318108399436,-0.7361252101163738,-0.7189208602181232,-0.7006955073725696,-0.7003385583470443,-0.49364237732821603,1.1597587273633303,-1.6133697670537346,0.8849665424536651,-1.6837753907513777,1.6694919292090726,-1.4858111197958375,1.5514987449988038,-1.2518477195688442,-0.4569526720788821,12.185714285714285
1.120026342960584,-0.7622800070877144,-0.7093729822563836,-0.7287679129896062,-0.7137596090659476,-0.6966665318438038,-0.694507010641185,-1.4009645330626217,0.05690984163726765,-0.8139212925266631,-0.6082178825480358,-0.03143383186358969,-0.714668139063605,0.36195200228995017,-0.6447826048377926,-0.4569526720788821,16.57
0.432878800394224,-0.6717249347684298,-0.7523793507893892,-0.7015900473403129,-0.7237733662601642,-0.7099737048128119,-0.6907831693961181,-1.4538264428955325,0.3578750077042799,-1.0460920541499703,-0.32100702000802867,-0.48374932020507105,-0.48468602040036124,-0.0025408791631623094,-0.4552636307227722,-0.4569526720788821,18.177142857142858
0.7400198600587762,-0.6385302601645864,-0.6608491531279508,-0.7452806630217856,-0.6961353964041264,-0.7201737784329242,-0.704278115446617,-1.0551326658280458,0.7005442515043174,-1.2920948388639806,0.0631389563145549,-0.9508220171297977,-0.16172367409238111,-0.38847034192353586,-0.1837603533456928,2.1772450846111444,20.667142857142856
0.010495333692885809,-0.5871006443116984,-0.6272970278854881,-0.6522941862350731,-0.7405656667858507,-0.6920215752414142,-0.7146221189051363,-0.008599919667120778,0.30955912872988084,-0.7532367837428237,-0.10889112061270714,-0.7111864775062386,-0.2770057330557049,-0.3620063267249401,-0.27468151597543716,-0.4569526720788821,20.002857142857145
0.1409456004568988,-0.6008211098146202,-0.5753136018431658,-0.6182082343337855,-0.6460049873118481,-0.737278517272805,-0.6860726693596232,-0.8993436713700492,0.820846107080267,-1.1664626085092913,0.39536151719750234,-1.0253739343141184,0.157804418062996,-0.7048372530015315,0.09570455787583994,-0.4569526720788821,23.64428571428571
0.0328649388693222,-0.5256093537566677,-0.5891818136100504,-0.5653977328547239,-0.6113419816395597,-0.6409584374570363,-0.7319682170124994,-0.6026963396827378,0.8831772902739834,-0.7747449102704141,0.4742131658367487,-0.9036103243026323,0.23050269886870106,-0.7465346825263702,0.15935314055952376,-0.4569526720788821,24.330000000000002
0.4410656630269592,-0.5114462925923612,-0.5131601538384617,-0.5794865929739228,-0.5576374315179611,-0.6056504903104936,-0.6342889966611284,-0.5133205040040729,1.0414494248072088,-0.8041310047744128,0.6989595719280491,-0.9121652075289085,0.44314454229890576,-0.7893497461914953,0.34717425696800874,-0.4569526720788821,26.414285714285715
0.498469879498496,-0.4683964879283546,-0.49884458040167745,-0.5022554006215834,-0.5719648071958402,-0.5509467108647833,-0.5984828308431772,-0.46694409240820306,1.1137432713489568,-0.6969882680628022,0.8265318165370035,-0.8379324583788188,0.5702527982323135,-0.7673544403971074,0.4616976078199493,-0.4569526720788821,27.762857142857143
0.9278626142647662,-0.4405424676385518,-0.45533120197611915,-0.4877120611437005,-0.4934261392325843,-0.5655406623520209,-0.5430071446025648,0.07083339232145638,0.9700631798628732,-0.3990416062640578,0.7682811671776578,-0.5666848825582621,0.5343457527816812,-0.6396887710937242,0.4353193574269108,-0.4569526720788821,27.617142857142856
0.6690287357451757,-0.443552118135967,-0.4271772408837771,-0.4435063688557196,-0.4786365901457412,-0.48554070032843216,-0.5578070264739846,-0.4630040008556329,1.1536872249838592,-0.5464312173802724,1.0201216422674857,-0.6584279439536351,0.7855272428499634,-0.6872447800030046,0.6615640853405448,2.1772450846111444,30.282857142857143
1.5897317523238612,-0.38849321785972546,-0.43021930023909377,-0.4149044678825503,-0.433682523233858,-0.4704759762125738,-0.4766782116562445,0.5198940662455913,-0.3212059261468437,0.09470078256645303,0.17093850436879174,-0.22067303011655856,0.22016313766451917,-0.40771400030162497,0.2374682681861433,-0.4569526720788821,27.922857142857143
0.8213536426382019,-0.4372377533668803,-0.37456750850359555,-0.4179949275216004,-0.4045964100297334,-0.4246854918687464,-0.46140091424058527,-0.3340291637178473,0.44539023507601744,-0.3426417372662683,0.594211509218767,-0.46657233911072726,0.5604736475680466,-0.5103889842416443,0.5277038304814053,-0.4569526720788821,31.27857142857143
0.2747011077508614,-0.3679272727940554,-0.42383694041519415,-0.36145769530133137,-0.4077391892106876,-0.3950582011075585,-0.4149642956375712,-0.7543235478779938,0.7396126769719978,-0.5334438077400534,0.8152634836484856,-0.5327396785822063,0.7595596239469161,-0.5495555282788659,0.7068605648590008,2.1772450846111444,33.71
1.00489418880166,-0.3180319885673005,-0.3030194654310017,-0.3403395544344892,-0.40114551524280334,-0.3396953399817795,-0.38816536975426913,-0.4044646501539504,1.0072705898503056,-0.5407748043803281,1.0434422675913355,-0.522120382663729,0.9746712407540437,-0.51827630685326,0.9044668110720775,2.1772450846111444,36.566428571428574
2.0111205973185293,-0.2587094167530543,-0.3033475306555946,-0.28877129653583017,-0.32876915939906537,-0.39154309881385824,-0.328774876050894,0.19110630604597068,0.17882187691608903,-0.18284413477096506,0.5746698837147975,-0.2821023932328058,0.6500225337444628,-0.34058298848021584,0.6586891076571457,-0.4569526720788821,35.277142857142856
0.18943106285116934,-0.28533892237969316,-0.24338615483339796,-0.28910458139886486,-0.27632788326196783,-0.317820105171877,-0.381354241323121,-0.0421790020000032,0.5721289628934931,-0.22125847824952127,0.7763269350769489,-0.3525201840270446,0.8110338163061263,-0.3749747862801195,0.7978714751206282,-0.4569526720788821,37.155857142857144
0.5557544598685229,-0.2465350854272359,-0.2703024153056848,-0.228189198023275,-0.2766668104285412,-0.2644031042443963,-0.30659096709523886,0.06146722661418092,0.42376434321664225,-0.026313883484461776,0.7008764696229416,-0.21879331501745644,0.7600686213942688,-0.28499559057727225,0.7598015018185876,2.1772450846111444,36.96714285714285
1.1185179897591946,-0.25043287788516283,-0.23108072650002898,-0.25553370610408577,-0.21472016784708733,-0.2647483375053846,-0.2524202166755473,-0.4317333313102194,0.9350737222069773,-0.36877043766324874,1.0240069275593993,-0.41899376364436297,1.0302639039052681,-0.4061654055742463,0.9978872337126165,-0.4569526720788821,40.36
0.49926979931447385,-0.18035523149927127,-0.23502049160627736,-0.21568798579707837,-0.24252760128641204,-0.20164911284927425,-0.25277032140798944,-0.9524923922849217,1.1481296654142203,-0.730709946467496,1.2846257126292877,-0.6299094914808221,1.2990517663490417,-0.5643037310072808,1.2596323659331496,-0.4569526720788821,45.30428571428571
0.36892274801058705,-0.07823365922913636,-0.16418822720552267,-0.21969043401588745,-0.2020073179445219,-0.22997393267127864,-0.188780724628442,-0.22106226336523457,1.1493931187910607,-0.5290861103267549,1.2864600050483685,-0.49167236045287105,1.3010937089200296,-0.4768264818531874,1.2617018293349298,-0.4569526720788821,45.348571428571425
-0.12723631462184642,-0.07731896152894158,-0.060966977904044074,-0.1477312022242803,-0.2060775250994636,-0.1886997270780178,-0.2175052265401763,-0.2254443911315033,1.2172947960469975,-0.560407090786325,1.3908915358600087,-0.5482583297215499,1.4194761998145353,-0.5140079075485912,1.3827891043930978,-0.4569526720788821,48.01714285714286
0.003772253949212705,-0.02220104849784872,-0.06004243045291845,-0.042867664863963637,-0.1329000686801882,-0.19284566469406972,-0.17564861439156498,-0.23247401746455507,1.2427049944750581,-0.46268594386536316,1.43916894818363,-0.5046959083664111,1.4777266557671578,-0.4787089898997921,1.4442138342551112,-0.4569526720788821,49.5
0.5377644743297131,0.00842657126996406,-0.004330990494766933,-0.04192840752268373,-0.02626125745193057,-0.1183066651624794,-0.1798530539511663,-0.1923626785470425,1.2676626961445214,-0.37712691413218735,1.4946460924518763,-0.5022897181453801,1.5476040404786493,-0.4710757028452302,1.5194254566910916,2.1772450846111444,51.42857142857143
-0.07508904919900863,0.04826018079457612,0.026626437062278657,0.014669421945409851,-0.025306099073405305,-0.009683727318759897,-0.10426225944660254,0.42703386297117946,-0.06453632761494088,0.07598337476482363,0.6726256589702369,-0.2183880841163913,0.9503874861855351,-0.3004860404467545,1.0586511498841524,-0.4569526720788821,49.222857142857144
-0.010518395666438566,0.0027023340493902127,0.06688898735323397,0.04611939356633117,0.03224989612289218,-0.008710797219610733,0.005893420460889997,0.3546956415384403,0.030173917367177283,0.12903211924863334,0.7044769589156655,-0.12714507722613472,0.971846652230017,-0.2416388922213682,1.076280356876984,-0.4569526720788821,49.52285714285715
-0.12524941701441755,0.008898673308774393,0.02084055946491178,0.0870225358478763,0.0642322960231902,0.04991608746460435,0.006880079252317971,0.27525342491897026,-0.3045526557201165,0.2692255214247824,0.5162653199516921,0.021164115347080403,0.839291991223502,-0.16057284884895126,0.9755810042166588,2.1772450846111444,49.06285714285714
-0.02433284668196226,-0.000602380222281379,0.02710362284350491,0.040241460527353605,0.10582790282993622,0.08249355336514778,0.06633422836159172,0.2663907804922268,-0.32852768694977064,0.29484428011548364,0.5043123378070761,0.10394061079592955,0.8312247587931788,-0.09500609023715798,0.9695821253067325,-0.4569526720788821,49.037142857142854
1.9159465598585483,-0.0011334950159428926,0.017500258996328746,0.046604171548927376,0.058254853267257836,0.12486308994099914,0.0993713840229547,-0.42604172439393445,0.8912835648796179,-0.15491326176923903,1.0213423165386113,-0.1569130526643902,1.1767334300414125,-0.23447097792260052,1.2467995039352504,-0.4569526720788821,53.37428571428571
0.2969721890789955,0.08844786684829571,0.016963424992449322,0.0368480146491809,0.06472528099275174,0.07640489403498844,0.1423387830044962,-0.11058497018363585,0.8979041160578815,-0.12171473275361377,1.026544633501319,-0.09226441059397177,1.1807580107597875,-0.1666982422205915,1.250230613348201,-0.4569526720788821,53.43571428571429
1.8961784534384738,0.08971664107759832,0.10750942698010874,0.03630263941876028,0.054803958480327715,0.08299571083567651,0.09319680965079248,0.3121333141693807,0.27641645103007284,0.02102064613992512,0.721252665573919,-0.006342694411528676,0.9760794075374447,-0.08391332804553277,1.0989025551176426,2.1772450846111444,52.82857142857143
0.1795270702908805,0.07717643067170185,0.10879186376715412,0.12828926161636836,0.054249350389571085,0.07288979174128811,0.09988062727014346,-0.343550842469495,0.9720219150859324,-0.3086441217489415,1.1373165886944603,-0.24540387697000404,1.2823695687062826,-0.23286303189458174,1.352676975082889,-0.4569526720788821,57.17714285714286
0.10093084321071047,0.1669938435553456,0.09611661645333479,0.12959210244459549,0.14779324836385319,0.0723248645869434,0.08963210692047192,0.1280859668760182,0.09631865632358792,-0.022588696350698077,0.5510747482749495,-0.11032678238637146,0.8450283695636673,-0.12455507255383703,1.0123048857018486,-0.4569526720788821,55.67142857142857
-0.5212425672062224,0.1358941217487225,0.18690121133160734,0.11671518728188678,0.14911814546954968,0.1676092446197468,0.08905920826738467,-0.2969249614472165,0.7625483017385862,-0.3001712747600163,0.9733755892737054,-0.32390384161618757,1.1617666703470197,-0.2746493212589142,1.2731164314284837,-0.4569526720788821,60.34285714285714
-0.2174090938775317,0.23237997593056048,0.15546659799333548,0.20894419847079296,0.136023232215574,0.1689587928217926,0.18568811442142905,-0.7123038313895186,1.0308557757403556,-0.5781371732747039,1.2320863452589021,-0.5062426398007562,1.3944250483594218,-0.4123357881360845,1.4853224852774942,-0.4569526720788821,65.66857142857143
1.2072457525731133,0.3423797509733409,0.2529914420314271,0.17700944886727543,0.22981362267463687,0.15562023501087635,0.18705670564824867,-1.3093303558606246,1.2104911583162912,-1.1235134824794804,1.4902726509053568,-0.8783161466428775,1.6761016064180525,-0.6882427143465039,1.7753821892030326,2.1772450846111444,77.88285714285713
0.7315726129698136,0.5946592779625502,0.36417572905711687,0.2760859490603513,0.19733823780477733,0.25115569377894414,0.17352993189480034,-1.4386421597718675,1.2637557736943448,-1.386724630980168,1.598304613845269,-1.0989712120846655,1.8162254608552855,-0.8602014718480461,1.9374394836731716,-0.4569526720788821,90.52571428571427
0.5789990506501199,0.8557907181794511,0.6191718808998334,0.3890392190052402,0.29809204095889535,0.21807607040787197,0.2704134596724391,0.5680127360596455,-0.07843273399977059,-0.49269571486079483,0.4156313473818126,-0.5986560591151904,0.7161428871904698,-0.5528516570418178,0.9281964763671291,-0.4569526720788821,80.75
0.12452026746136528,0.6538785774558069,0.88311526614054,0.6480924534550255,0.4129575388667094,0.32070450344715623,0.23686706076388736,0.7752343804368474,-0.15560709234427,-0.12309009322694466,0.3509688140541268,-0.4212130823986293,0.6562717341666614,-0.447996208200385,0.8729822161724443,2.1772450846111444,80.14142857142858
-0.19172955655932186,0.641308860672485,0.6790288723323871,0.9162352750784877,0.6763963819761005,0.4377071940803219,0.34094364940806554,-0.34218560306655016,0.3479505431503693,-0.24930391218336012,0.6243409071095027,-0.5053266507276793,0.8736904566255546,-0.5131933766587018,1.0605547057151246,-0.4569526720788821,86.55428571428571
0.10814185058407094,0.7737629889361762,0.6663238009072413,0.7089017916469228,0.9490786932647685,0.7060475923940467,0.4595973260030185,-0.19627400506557485,0.4457852596972534,-0.07332109713921271,0.6796479065749723,-0.4007633310508284,0.9177106165937595,-0.45752463282928924,1.0986166930173908,-0.4569526720788821,87.95714285714287
-0.29225437730448006,0.8027382515681536,0.8002042366524991,0.695994577860302,0.7382351840954631,0.983803443280183,0.7317241862194477,-0.5974144303456191,0.8815173227504329,-0.443294745934141,0.9822077457030757,-0.5440539841262453,1.167811065330392,-0.5646915074073979,1.318791750362631,2.1772450846111444,97.2057142857143
0.6590285651424965,0.9937625390217373,0.8294915139752536,0.8320051006024173,0.72510945928089,0.7690369701034792,1.0133993573206639,0.16890135787193442,0.07473664140181216,-0.16688216178219778,0.48224233416294304,-0.2376502709544727,0.7545205640115641,-0.37572525737435447,0.95648799615225,2.1772450846111444,93.22714285714287
-0.2540974983405629,0.9115872778913341,1.022572810703879,0.8617583492842527,0.8634225548034696,0.7556670274506551,0.7956023860386728,1.4734661559585482,-1.1742137650779372,0.6465504717022696,-0.5362277107692414,0.34335408519239946,-0.14589658457499904,-0.00449417120873424,0.14162653637055894,-0.4569526720788821,82.39999999999999
1.806495947618388,0.6879584433824193,0.9395126606592046,1.0579116404921953,0.8936795073103029,0.8965535827758375,0.7820437845822754,1.450935003744173,-1.551716335982121,1.1496711204131231,-0.9533906203472441,0.6841697983627113,-0.5453098003696393,0.2746358418665358,-0.2338676244265898,-0.4569526720788821,76.17857142857143
0.32953432094289165,0.5594581696937637,0.7134757209146486,0.9735299728965635,1.093153550619098,0.9273734975295312,0.9249183431216379,0.6515293625712398,-1.6050999574425764,1.0768139972594444,-1.0116663124280876,0.6468747450910671,-0.6007480303939556,0.3549770455785177,-0.28582458627795515,-0.4569526720788821,75.28571428571429
0.719390842869013,0.5410166838027397,0.5835917160871599,0.7438967022655779,1.007343354354811,1.1305589640421692,0.956173147417841,1.5787785692488514,-2.0316125070856272,1.8712410484543065,-1.5856001708917353,1.279031157835683,-1.1716430640481685,0.8408588480760466,-0.8310059729933105,-0.4569526720788821,64.80285714285715
0.47119050254833045,0.3244988862534041,0.564951646508014,0.6119461951277049,0.7738225365856789,1.0431521793282834,1.1622256963115443,1.3407469578413254,-2.109940196058297,1.6844375709886037,-1.7267962695646961,1.4222283353525698,-1.3218373398457017,0.9685185049217827,-0.9786561772412412,-0.4569526720788821,61.49571428571429
0.20998266844583788,0.25619162251305094,0.34610231759317717,0.5930095551825452,0.6396381901831764,0.8052864625072629,1.0735855435977717,0.5820828804215569,-2.1370724936886085,1.2405239763400944,-1.7732071902668363,1.3177526313363188,-1.37014690680353,0.9170981239720634,-1.0256022272285317,-0.4569526720788821,60.457142857142856
0.7103876397789163,0.23474048612461157,0.27705949987202055,0.3706782529144135,0.6203809648096829,0.6686054759977575,0.8323633829451026,-0.1884999652077326,-1.034957982693757,0.4968367165724138,-1.2969077962194182,0.8360275350760914,-1.0608475142651292,0.6451053565317152,-0.7917334395743939,-0.4569526720788821,64.28285714285714
0.002655650335120452,0.3137585648704715,0.2553773709375578,0.3005369385575417,0.39428573314457027,0.648989949805234,0.693753736600945,0.12962742814034967,-1.2126188680544916,0.39938205047372133,-1.3789948068904188,0.6783076439106309,-1.1293172265399825,0.6445886394397555,-0.8530707691499597,2.1772450846111444,63.11585714285714
-0.33352179490765427,0.28965480515146735,0.33524634107028234,0.2785098389733317,0.32295697036115034,0.41868797988405104,0.6738614222576388,0.7722934814568164,-1.6547979146582248,0.504141729145937,-1.6191661760199842,0.6921143223045668,-1.3324615975040028,0.7347453567148664,-1.0351483843196583,-0.4569526720788821,59.63142857142857
-0.3455862747128569,0.21768579997259252,0.3108830245275554,0.35964955381035224,0.3005569658067025,0.3460320708669431,0.440309738015749,-0.3470590526716345,-0.16227402768892632,-0.12870495758930195,-0.7973988443569247,0.12617794397873935,-0.7863708964664653,0.32703564095201,-0.6239249933935088,-0.4569526720788821,66.07714285714286
-0.41982868602043194,0.35081857491707363,0.23813903459076366,0.33489860793643056,0.38307032508704747,0.32321529079979927,0.36662860568814276,-0.7141348933860023,0.3904245124125822,-0.4177935148164513,-0.3161405893934517,-0.1981362306263944,-0.4274989909043522,0.0288312842521324,-0.34124955793143325,2.1772450846111444,71.17428571428572
-0.24222537462014085,0.4560973295717519,0.3727054248965342,0.260997234352048,0.35790036123487645,0.407263897429525,0.34348986564400874,0.18046463857867379,-0.15239366606175986,-0.1037554950885602,-0.5541963097511583,-0.12151301026878836,-0.5922082587649204,0.033246186091454036,-0.47507327391502024,2.1772450846111444,69.00428571428571
0.2656017266183743,0.4112771422622069,0.4791178541099626,0.3977046254441454,0.28274788378129573,0.38162562007484874,0.4287244541422072,-0.22952577875515132,0.4549737793668191,-0.39316554779006047,-0.0802902240798608,-0.3360084884506289,-0.23194959691198969,-0.1839118551428951,-0.1891959985208112,-0.4569526720788821,74.28999999999999
0.26749244618341284,0.5204507387370694,0.43381502900480623,0.5058101155630734,0.42176964519762017,0.30507485217695335,0.4027244036029322,-0.6141361741645526,0.8013054385649333,-0.5818614386357663,0.3077942450379993,-0.48892267113783144,0.09546891273335015,-0.3503185755572975,0.08209803723443693,-0.4569526720788821,80.00285714285714
-0.5614051102248642,0.6384467420621979,0.5441642409133501,0.45978650584035713,0.5317052934098199,0.4466832588660209,0.32509345333931916,0.21034261364604767,0.0819601932401698,-0.1402295700704911,-0.049478080515005386,-0.2676621023071284,-0.1452053176842754,-0.26284533305902974,-0.10607829305202551,-0.4569526720788821,77.28285714285714
-0.033038132421240304,0.5822665994437821,0.6634308621085576,0.5718914143157028,0.48490253286208124,0.5586643747939004,0.4687000490465156,0.7007308216543465,-0.6012206272332281,0.22542572303198083,-0.42460372854648326,-0.055381541444730946,-0.40461468806676576,-0.135177160831684,-0.3107992823008454,-0.4569526720788821,74.24
-0.5611236135154292,0.519418015527172,0.6066457541426474,0.6930556113408131,0.5989053070731626,0.5109907999355907,0.5822612931695822,0.22285255754274128,-0.27316741174305303,0.16010812976810376,-0.2691789395009898,-0.05828614084489771,-0.2943507382800861,-0.1433918743213511,-0.22513582993320183,-0.4569526720788821,75.77714285714286
-0.6589413742381872,0.5511668776371593,0.543120397016918,0.6353670314118783,0.7221207379029235,0.6271147149953311,0.5339150123896107,0.12245041457741687,-0.22250550736278074,0.2416610593719682,-0.2471798450042235,0.029696240760312353,-0.27922815179313026,-0.10317473591039455,-0.21358345681189841,-0.4569526720788821,75.97428571428573
0.10480376877135397,0.5552387577218976,0.575211140804376,0.5708309624787739,0.663455526525113,0.7526226977855752,0.6516775133019834,-0.6081650558251701,0.8218512488688249,-0.28744455625239274,0.48708384451227416,-0.27877177102599104,0.28949887864927054,-0.31101058284433697,0.24184078599166384,-0.4569526720788821,84.65428571428572
-0.10278363379559086,0.7345195069600772,0.5793268681674515,0.6034322818083612,0.597826902452247,0.6928659587926709,0.7789564973961941,-0.8124641099269251,1.055335823886982,-0.6307025591247953,0.8431116843852516,-0.4764171480862405,0.6356697061893968,-0.4321699245153364,0.5479239719380323,2.1772450846111444,92.22428571428573
-1.0198352359147478,0.8908738009385359,0.7605381685880767,0.6076134919082525,0.6309801416552537,0.6260162455285498,0.718356550980746,-0.252907700252203,1.0932471775808386,-0.5472133982339011,0.9116674996350583,-0.42184671768867,0.7074780793837566,-0.3913312395684738,0.613721526637345,-0.4569526720788821,94.03
-0.6925745340584576,0.9281698620045428,0.9185761345079079,0.7917079307991175,0.6352321370177212,0.659786335421599,0.6505635436987584,-0.026312807919618493,1.1385007239458966,-0.42723157948039814,0.9921885197616157,-0.3954207818181533,0.7916283253854407,-0.36947141908411496,0.6906944040550235,-0.4569526720788821,96.13
-0.4048865725915168,0.9715442368202313,0.9562738112247724,0.9522603389101602,0.8224431792086756,0.6641174436049084,0.6848101520721945,-0.09109223988534021,1.190647232899807,-0.3422933061184612,1.0953570122657619,-0.4101635735881525,0.9021464940376077,-0.37110765974408105,0.792745756396832,2.1772450846111444,98.97
-0.6559660545539981,1.0302029151424008,1.0001152548749235,0.990557799535251,0.9857136388153032,0.8548117430381472,0.6892023750791968,0.057666857548482005,1.2022204056149788,-0.12681707774250467,1.11915063951105,-0.33104220948175356,0.9277113254598477,-0.31572074987775256,0.8163311677694429,2.1772450846111444,99.62
-0.8161388149116658,1.0436283168710663,1.059405588192271,1.0350967766862667,1.0246594514106562,1.0211200203088406,0.8825874981990824,-0.4911001014826394,1.2793431779362041,-0.4107215571313088,1.3682504631171148,-0.4977294773623688,1.2317366336712146,-0.44537478024760524,1.1130319384344274,-0.4569526720788821,109.01
-0.5924552428347536,1.2375737356897885,1.0729755588458896,1.095330441023831,1.0699524454891127,1.0607904604806004,1.05124249612737,-0.5215553580655757,1.2946175695932056,-0.5003365224966709,1.4609535292019755,-0.5222610474133494,1.3697553218323004,-0.49143796478531027,1.260822584133353,-0.4569526720788821,115.0
-0.9765397886730541,1.3612939762354905,1.2690094425958516,1.1091163149039074,1.1312058279571209,1.1069261780854163,1.0914727126552723,0.42098451890917116,-0.02796148302020104,-0.05546669515322896,0.5491189176060524,-0.20512441175505985,0.7013060307572412,-0.3114628741922319,0.745071721901183,-0.4569526720788821,109.33
-0.5788619141867937,1.2441831642331314,1.3940619413884259,1.3082691698791635,1.1452250880290245,1.169319243798596,1.1382594359907285,-0.23223491173060226,0.610614896067048,-0.34614357886714003,0.9085039891973138,-0.3763659685519407,1.0031120834716822,-0.4156034008121365,1.0159328873742606,-0.4569526720788821,118.93
-0.6586826921668216,1.4424660205334223,1.2756900435330174,1.4353112999432511,1.347749475836981,1.1835993468667534,1.201532909453917,-0.5664111552103481,0.8672065977603718,-0.4672363413672057,1.0995296482522572,-0.46933639124699444,1.182978547570055,-0.46011468361831237,1.1880557086131827,2.1772450846111444,126.6
-0.9432178938392416,1.6008857609316753,1.4761080716479948,1.3150560616355087,1.476942349422674,1.3898919127282872,1.216014514295844,0.06080773632251245,0.5929894874988876,-0.18957717381687889,0.9257054835973616,-0.3198798170433205,1.0500891270391204,-0.34740626224700644,1.0819564166708766,-0.4569526720788821,125.32
-0.07546899938256856,1.574448046758303,1.63623372536069,1.5186628143258665,1.354651265410841,1.5214885548486903,1.4252180057815271,0.038328516391642,0.7826427920108933,-0.19336840973787944,1.0327484602161492,-0.30613852458514385,1.141826957609508,-0.3340629393861182,1.1662812568173044,-0.4569526720788821,128.95
-0.9136972903558239,1.6494237517968506,1.6095113216120263,1.6813361261107667,1.5617049526266433,1.3969221173156874,1.5586715642478999,0.12995772169438122,0.6818304346366073,-0.06598474038893243,0.9828391406563162,-0.19242673539810987,1.106358684214234,-0.2637889785736975,1.138897489935142,2.1772450846111444,128.65
-0.9802478442919026,1.6432274125374668,1.685294388493002,1.6541885590853858,1.7271322214751017,1.607828254937703,1.432347411242168,0.3743937768450367,-0.11938165194664896,0.18575143109703104,0.5894941967117832,-0.029939554694051674,0.8324898317327647,-0.16308108063408192,0.9298914073212526,-0.4569526720788821,126.44
-0.19912589265318095,1.5975810466600038,1.6790313251144093,1.731177362446427,1.6995250631796612,1.7763334711419587,1.6462295750613967,1.0603759183463144,-1.6355692568979063,0.7573389734604138,-0.7447035691960816,0.3667624398612451,-0.2353768295474618,0.11209837658276714,0.06258101022788101,-0.4569526720788821,115.52
-0.4869170796337019,1.3720342976184232,1.632893424892107,1.7248146514248537,1.7778172386581363,1.7482126527923567,1.8171125121961342,1.085037095607146,-1.9218688620724864,0.9854863505924506,-1.20877552063681,0.5900275766706521,-0.6770208605420065,0.2926722061053553,-0.3266287231512795,2.1772450846111444,109.27
-0.4435403368125537,1.2429438963812545,1.4049179179113207,1.677942680232594,1.771346810932643,1.8279615360806811,1.7885948903535704,0.3711026772167421,-1.6380389676516292,0.7686347607387968,-1.085848288340446,0.5486628981335494,-0.60056342972447,0.2852248023321076,-0.2710917920599943,-0.4569526720788821,110.38
-0.8320552956887773,1.2658703516409755,1.2744374308572988,1.4463399990473123,1.7236813266881716,1.8213707192799935,1.8694690835477161,-0.5206895616016396,0.012780304039208032,0.08467797126760113,-0.16261674538905954,0.15939643843296597,0.0212293079309979,0.047520467207613264,0.19870758523612309,-0.4569526720788821,121.06
-0.7933076456128412,1.4864600292750492,1.297610765358093,1.3137835194311938,1.4881577574801965,1.7728183688482586,1.8627852659283657,0.0012241489195139671,-0.3226860996554751,0.10539802489058585,-0.36024861877160747,0.20055915656666115,-0.13701055525260125,0.10157728672201494,0.06630156412108712,-0.4569526720788821,119.03
-0.3341179278617577,1.444531466953217,1.5205758216360052,1.3373255502110164,1.353357179865742,1.5329126373032163,1.813547809465814,2.1363155692961504,-1.7795600531368256,1.2144875482678785,-1.63003706435005,1.0129975768048738,-1.314223189048127,0.7026732138624998,-1.0001545298903594,-0.4569526720788821,96.96
-0.7584924643538967,0.9886874421045272,1.478195759440859,1.5638380625790396,1.377297762450069,1.3956039539555498,1.5702568481214414,1.418055769537665,-1.85851722886706,1.2017900703116555,-1.729816622548613,0.998920871047889,-1.4209620115144797,0.7473936788730029,-1.1047711527757822,-0.4569526720788821,94.02
-0.8099357869340688,0.9279633173625632,1.0174430635556977,1.5207837179997243,1.6076449894776492,1.4199899761180952,1.4310106477182978,-0.36167866160519524,-0.7222914433091795,0.49133508903305945,-1.0110453187542152,0.4530980888087377,-0.8866112448355825,0.3969230885819154,-0.6833848255039268,2.1772450846111444,103.01
-0.9903578287716231,1.1136469505021067,0.9560650424454858,1.0527002771792873,1.5638617618684745,1.6546230542225875,1.4557407729098961,-0.6132124876883885,-0.12217401089852716,0.06325095231197128,-0.563605394803254,0.10517709331461715,-0.5361456688551819,0.1705362741704279,-0.3987744380797078,-0.4569526720788821,109.99
-0.7301669383946289,1.2578151106037763,1.1437481750239908,0.9903457091678651,1.0878539621963124,1.6100251938712655,1.693684680158788,1.4179024970010663,-1.3264822909538934,0.9022015592132938,-1.365856005655905,0.7492341696107623,-1.2328076981588139,0.6096856667809778,-1.0279980973879748,-0.4569526720788821,92.72
-1.0164566554385364,0.9011125139052322,1.2894687829659222,1.18101494944769,1.0244437704864728,1.1251607712339864,1.6484575142678468,0.5062003428272864,-0.821968651723009,0.2949350475414268,-1.037412694197992,0.4465769492650406,-0.9757200142822526,0.3637895476339132,-0.8174252737246837,2.1772450846111444,97.92
-0.8647030561707626,1.0085157277345564,0.9289251011382494,1.3290540258829706,1.2183409213271046,1.0605707665872441,1.156751331404266,0.1767861111794989,-0.9835299872203166,0.42039516018939665,-1.1313189823562662,0.4708440019381617,-1.0540544352886936,0.3550122002094335,-0.8871575138680997,-0.4569526720788821,95.89
-0.9160154961856526,0.966587165412724,1.0374848663671956,0.9627739614077125,1.3688862064069272,1.2580755767145275,1.0912499187346272,-0.5655374175117853,0.08121324377092294,-0.1590979439681583,-0.42608756986729296,-0.06399683917973718,-0.5043514488592734,0.011948140615431407,-0.43726004042092914,-0.4569526720788821,107.48
-1.0405057269530342,1.2059724054669296,0.9951048041720493,1.073060952448323,0.9964052503426664,1.411421914277201,1.2915416533945092,-0.22605440623449097,0.09945806085039625,-0.12628168378564633,-0.4123345341191747,-0.12085767411472288,-0.49336042253888385,0.002456800715748954,-0.428160586170084,2.1772450846111444,107.73
-1.063867219296678,1.2111360215164164,1.237067819365027,1.0300066078690078,1.1085593309178927,1.0320105604509295,1.4470518100047398,-0.22991286723434892,0.5371170426982314,-0.4249248721514492,-0.06308614725721758,-0.26525886633251344,-0.21469471175222865,-0.1383333697207961,-0.19814796635883025,2.1772450846111444,114.06
-0.9622701038599532,1.3418787798894205,1.242287038847188,1.2758193436691379,1.0647761033087177,1.146251384996188,1.0622867090507735,0.37612778545995135,-0.37525607789358223,0.010072788041351402,-0.46967597889756385,-0.026220059786490925,-0.49925438678469036,-0.04273969272253885,-0.42729738934012534,-0.4569526720788821,108.84
-0.9651074164311905,1.2340624767761375,1.374437676135501,1.2811216028537824,1.3147502944369625,1.101653524644866,1.1781395477861891,0.3377678644548063,-0.2301860905629379,0.06672260940763887,-0.39740249621223617,-0.035521796764123606,-0.44645236380632863,-0.08707886220079455,-0.3852566809723119,-0.4569526720788821,109.9
-1.1382090659657098,1.2559562088259613,1.2654603733479823,1.4153748054089872,1.3201423175415405,1.3562787470447784,1.132912381895248,-0.35706555826458863,0.5327589217747157,-0.15905303942841242,0.09405852135755362,-0.2711336127843484,-0.07071310781080606,-0.22169432197991504,-0.08139064838338271,-0.4569526720788821,117.91
-0.6491561866938852,1.4213984670515163,1.2875898639523444,1.304663633633605,1.4566683425494602,1.3617710943786852,1.3911305359228376,-0.7194875695655631,0.93161679336336,-0.5025150976316641,0.556788455145462,-0.4614404539937847,0.339086882112183,-0.3711541237920025,0.2711522216919923,-0.4569526720788821,129.08
-1.0574747775451443,1.652108832142584,1.4548136561607783,1.3271452125764989,1.3440829001258676,1.5008373288732013,1.3967003839389633,-0.7109900769763018,1.0948597948920227,-0.6932045300850734,0.850619564210323,-0.5922830561950722,0.638454039955128,-0.4867067387397184,0.5457089571082961,-0.4569526720788821,139.78
-1.132991219501563,1.8731115990606166,1.6880083826237262,1.4970295968525158,1.3669450780892793,1.3861571165412305,1.5377289357072672,-0.27461378312283413,1.1337827785972991,-0.6115393373787654,0.9320682308249258,-0.5248378443447548,0.726291429371107,-0.48759546098263185,0.6284777413987422,-0.4569526720788821,143.34
-0.9239638741359242,1.9466414916053079,1.911390976460211,1.7339345372224428,1.539705498359964,1.4094446692369946,1.4214305091305617,-0.17438475418931268,1.187720707905745,-0.5343476498125158,1.0529316557416257,-0.5272574018180882,0.8592129490206833,-0.48339048408953933,0.7547748639747447,-0.4569526720788821,148.96
-1.195787398205486,2.06271958039777,1.9857126618861818,1.9608712303252371,1.7806210906725175,1.5854194778153636,1.4450466647189348,-0.25587553308307337,1.231691658952463,-0.4575181798331712,1.1730603691172583,-0.5303656357737909,0.9984381081934095,-0.48983692140514473,0.8901179934904492,2.1772450846111444,155.45
-1.2285180628195511,2.1967670530424455,2.1030407158451583,2.036375401114578,2.0113996795484637,1.830817556694313,1.6235045951556035,0.6714530938537924,-0.4763393359450822,0.1856486904649148,0.09524032206473776,-0.16743502529457532,0.22557899026751596,-0.24292174158115346,0.2868957157397369,-0.4569526720788821,144.18
-0.9509608864284673,1.9639912415315834,2.238531653602054,2.155570187585392,2.088182088557657,2.0658900225855175,1.872365404516102,-0.11307373706520013,0.2976606606882669,-0.1258656825947622,0.5157725512564042,-0.3244725207712457,0.5624151020711282,-0.36061103709717435,0.5772284650332088,-0.4569526720788821,156.39
-1.0690512861556924,2.2161822493885155,2.003249239346242,2.293216836018769,2.2093947679485746,2.1441010486203482,2.1107548996062837,-0.4492414089386144,0.5923812720727494,-0.251132140951868,0.7160095480110537,-0.34345729874866204,0.7364055157560483,-0.3897187727172015,0.7335332268748816,2.1772450846111444,164.05
-1.1779989408525724,2.3743954451447897,2.2581559188549787,2.0541909919749846,2.3493716877434236,2.26756901668657,2.1900695353559145,0.4789067440780174,-0.40778888774866323,0.16604265503833637,0.045409176781152444,-0.0302011819122927,0.22182785885884668,-0.200574400519122,0.3171317360658686,-0.4569526720788821,155.3
-0.8029357311840681,2.193668883412754,2.4180728037883883,2.3131533305530327,2.1062992861890395,2.410150353474786,2.315279718758421,-0.37248038768528563,0.4448591966246398,-0.3223465807204913,0.5593898946486577,-0.30673042790196103,0.6346575359251898,-0.3620543266124602,0.6738849804437533,-0.4569526720788821,172.5
-0.9280581700493279,2.5489256676174414,2.235400121912758,2.475614551970548,2.3696456946166378,2.1625553356622746,2.459872973257045,-0.11113303906871812,0.27587232622413627,-0.1751013395067289,0.45448414293400596,-0.19244181107976394,0.5538180511548325,-0.2606512473983063,0.6079622152222531,-0.4569526720788821,171.05
-1.1541278556860688,2.5189766945304184,2.5944824222854255,2.2900354805079823,2.534857282540914,2.430801579450275,2.208784224690097,0.07654000653810518,0.4778398617876276,-0.1227608328218883,0.5697571476890425,-0.19486213782214376,0.6453130310582872,-0.24027921512441625,0.686743466243433,-0.4569526720788821,175.0
-0.6548194949984102,2.600561828112309,2.5642109492888925,2.6548309124115397,2.3461364738806774,2.5990871017611754,2.480815601797678,0.8511422652949706,-1.0228497163316752,0.4531563326610726,-0.4315628513082176,0.1775990388702254,-0.13422506681837715,0.02383280380773586,0.04842376041376307,-0.4569526720788821,160.5
-0.8279372836776038,2.301072097242078,2.646674617107034,2.6240778091406005,2.717107663475656,2.4068549450744428,2.6514757450117714,-0.16100012454229143,0.0452303352939404,-0.0657806058236143,0.15411242576055814,-0.13709127350798556,0.2976594414918092,-0.16877830808638902,0.40178805669989914,2.1772450846111444,176.21
